{"type": "scene", "properties": {"baseExtent": {"cx": 3532904.2712492887, "cy": -2593232.0277809654, "width": 218874.0070818374, "height": 218874.0070818374, "rotation": 0}, "origin": {"x": 3532904.2712492887, "y": -2593232.0277809654, "z": 0.0}, "zScale": 50.0, "light": "directional"}, "layers": [{"type": "layer", "id": 1, "properties": {"name": "Water Extent", "clickable": true, "visible": true, "type": "dem", "clipped": false, "mtlNames": ["map (canvas)"], "mtlIdx": 0}, "data": [{"type": "block", "layer": 1, "block": 0, "materials": [{"type": 0, "image": {"url": "./data/Limpopo/a0.png"}, "ds": 1, "mtlIndex": 0, "useNow": true}]}, {"type": "block", "layer": 1, "block": 0, "width": 218874.0070818374, "height": 218874.0070818374, "translate": [0.0, 0.0, 0], "zScale": 50.0, "grid": {"width": 201, "height": 201, "url": "./data/Limpopo/a0.bin"}}]}, {"type": "layer", "id": 2, "properties": {"name": "DEM_reprojected", "clickable": true, "visible": true, "type": "dem", "clipped": false, "mtlNames": ["map (canvas)"], "mtlIdx": 0}, "data": [{"type": "block", "layer": 2, "block": 0, "materials": [{"type": 0, "image": {"url": "./data/Limpopo/b0.png"}, "ds": 1, "mtlIndex": 0, "useNow": true}]}, {"type": "block", "layer": 2, "block": 0, "width": 218874.0070818374, "height": 218874.0070818374, "translate": [0.0, 0.0, 0], "zScale": 50.0, "grid": {"width": 201, "height": 201, "url": "./data/Limpopo/b0.bin"}}]}]}